app_id,app_name,tagline,description,category_id,founder_id,launch_date,primary_tech_stack,followers_count,average_rating,growth_score,pricing_model
APP-001,PromptCraft,AI prompt engineering and optimization platform.,A comprehensive solution built to empower users seeking top-tier ai tools. AI prompt engineering and optimization platform.,CAT-001,FND-001,2026-07-02,"Flutter, Firebase",36548,4.3,68,Freemium
APP-002,TaskFlow,Minimalist task manager for deep work.,A comprehensive solution built to empower users seeking top-tier productivity tools. Minimalist task manager for deep work.,CAT-002,FND-002,2026-08-27,"Ruby on Rails, PostgreSQL",11895,4.6,62,Freemium
APP-003,LedgerLy,Automated bookkeeping for indie hackers.,A comprehensive solution built to empower users seeking top-tier finance tools. Automated bookkeeping for indie hackers.,CAT-003,FND-003,2026-07-15,"Ruby on Rails, PostgreSQL",79407,4.1,72,One-Time Purchase
APP-004,CalmPulse,AI stress tracking via wearable data.,A comprehensive solution built to empower users seeking top-tier health tools. AI stress tracking via wearable data.,CAT-004,FND-004,2026-08-07,"Vue.js, Django, MySQL",1351,4.8,70,One-Time Purchase
APP-005,CodeSpark,Interactive coding tutorials for kids.,A comprehensive solution built to empower users seeking top-tier education tools. Interactive coding tutorials for kids.,CAT-005,FND-005,2026-07-10,"React Native, Node.js, MongoDB",44618,4.2,84,Freemium
APP-006,ApiShield,Instant API vulnerability testing tool.,A comprehensive solution built to empower users seeking top-tier developer tools tools. Instant API vulnerability testing tool.,CAT-006,FND-006,2026-07-23,"Ruby on Rails, PostgreSQL",35171,4.8,89,Freemium
APP-007,MockupMagic,Generate 3D device mockups in seconds.,A comprehensive solution built to empower users seeking top-tier design tools. Generate 3D device mockups in seconds.,CAT-007,FND-007,2026-08-05,"Vue.js, Django, MySQL",82897,4.7,83,Subscription
APP-008,QuestBound,Procedural text-based RPG with AI dungeon master.,A comprehensive solution built to empower users seeking top-tier gaming tools. Procedural text-based RPG with AI dungeon master.,CAT-008,FND-008,2026-07-03,"Flutter, Firebase",30371,4.8,65,Subscription
APP-009,RoamWise,Itinerary planning based on local flight trends.,A comprehensive solution built to empower users seeking top-tier travel tools. Itinerary planning based on local flight trends.,CAT-009,FND-009,2026-07-18,"SvelteKit, Go, Redis",83820,4.9,70,Usage-Based
APP-010,CartDrop,One-click checkout aggregator for small shops.,A comprehensive solution built to empower users seeking top-tier shopping tools. One-click checkout aggregator for small shops.,CAT-010,FND-010,2026-08-12,"Vue.js, Django, MySQL",92488,4.9,64,Subscription
APP-011,AuthLock,Zero-knowledge decentralized authentication.,A comprehensive solution built to empower users seeking top-tier security tools. Zero-knowledge decentralized authentication.,CAT-011,FND-011,2026-07-16,"React Native, Node.js, MongoDB",61089,4.4,95,Subscription
APP-012,ResumeRise,AI tailored resume builder and interviewer.,A comprehensive solution built to empower users seeking top-tier career tools. AI tailored resume builder and interviewer.,CAT-012,FND-012,2026-08-23,"Angular, Spring Boot, Oracle",7831,4.3,62,Usage-Based
APP-013,VibeCheck,Micro-community platform for niche hobbies.,A comprehensive solution built to empower users seeking top-tier social tools. Micro-community platform for niche hobbies.,CAT-013,FND-013,2026-07-05,"React Native, Node.js, MongoDB",74841,4.9,80,Subscription
APP-014,BeatWeave,Collaborative cloud-based audio workstation.,A comprehensive solution built to empower users seeking top-tier music tools. Collaborative cloud-based audio workstation.,CAT-014,FND-014,2026-07-26,"Flutter, Firebase",60642,4.2,68,Subscription
APP-015,BiteTrack,AI photo-to-calorie macro tracker.,A comprehensive solution built to empower users seeking top-tier food tools. AI photo-to-calorie macro tracker.,CAT-015,FND-015,2026-08-04,"Vue.js, Django, MySQL",98412,4.6,97,One-Time Purchase
APP-016,SynapseNote,Bi-directional knowledge graph notebook.,A comprehensive solution built to empower users seeking top-tier productivity tools. Bi-directional knowledge graph notebook.,CAT-002,FND-016,2026-07-09,"Ruby on Rails, PostgreSQL",65186,4.2,63,Freemium
APP-017,TaxBuddy,Real-time freelance tax estimation tool.,A comprehensive solution built to empower users seeking top-tier finance tools. Real-time freelance tax estimation tool.,CAT-003,FND-017,2026-07-11,"Angular, Spring Boot, Oracle",89692,4.5,64,One-Time Purchase
APP-018,SleepSage,Audio environment generator for deep sleep.,A comprehensive solution built to empower users seeking top-tier health tools. Audio environment generator for deep sleep.,CAT-004,FND-018,2026-07-30,"Ruby on Rails, PostgreSQL",33453,5.0,60,Freemium
APP-019,LogBuddy,Centralized structured logging with anomaly alerts.,A comprehensive solution built to empower users seeking top-tier developer tools tools. Centralized structured logging with anomaly alerts.,CAT-006,FND-019,2026-08-04,"Angular, Spring Boot, Oracle",35473,4.8,81,Freemium
APP-020,ColorWave,Generative color palette system for brand design.,A comprehensive solution built to empower users seeking top-tier design tools. Generative color palette system for brand design.,CAT-007,FND-020,2026-07-11,"SvelteKit, Go, Redis",925,5.0,76,Subscription
APP-021,PixelForge,Web-based asset exporter for game engines.,A comprehensive solution built to empower users seeking top-tier gaming tools. Web-based asset exporter for game engines.,CAT-008,FND-021,2026-07-07,"Angular, Spring Boot, Oracle",82459,4.4,92,Subscription
APP-022,StayLocal,Discover off-grid home shares and cabins.,A comprehensive solution built to empower users seeking top-tier travel tools. Discover off-grid home shares and cabins.,CAT-009,FND-022,2026-08-18,"React Native, Node.js, MongoDB",71197,5.0,93,Freemium
APP-023,DealRadar,Price drop tracker for independent digital items.,A comprehensive solution built to empower users seeking top-tier shopping tools. Price drop tracker for independent digital items.,CAT-010,FND-023,2026-08-01,"Next.js, FastAPI, PostgreSQL",15162,4.9,79,Subscription
APP-024,CryptGuard,Automated compliance auditing for smart contracts.,A comprehensive solution built to empower users seeking top-tier security tools. Automated compliance auditing for smart contracts.,CAT-011,FND-024,2026-08-26,"Ruby on Rails, PostgreSQL",10822,4.2,91,Freemium
APP-025,JobSync,Unified application dashboard for job seekers.,A comprehensive solution built to empower users seeking top-tier career tools. Unified application dashboard for job seekers.,CAT-012,FND-025,2026-08-19,"React Native, Node.js, MongoDB",17328,4.7,95,Subscription
APP-026,PingMe,Location-based real-time meetups for remote workers.,A comprehensive solution built to empower users seeking top-tier social tools. Location-based real-time meetups for remote workers.,CAT-013,FND-026,2026-08-25,"Ruby on Rails, PostgreSQL",55961,5.0,94,Subscription
APP-027,LyricLab,AI assistant for songwriters and poets.,A comprehensive solution built to empower users seeking top-tier music tools. AI assistant for songwriters and poets.,CAT-014,FND-027,2026-07-26,"Flutter, Firebase",85680,4.4,93,One-Time Purchase
APP-028,ChefBot,Meal planning based on leftover ingredients.,A comprehensive solution built to empower users seeking top-tier food tools. Meal planning based on leftover ingredients.,CAT-015,FND-028,2026-07-15,"Next.js, FastAPI, PostgreSQL",44813,4.1,95,Subscription
APP-029,InsightAI,Semantic search engine for internal PDF wikis.,A comprehensive solution built to empower users seeking top-tier ai tools. Semantic search engine for internal PDF wikis.,CAT-001,FND-029,2026-07-01,"Next.js, FastAPI, PostgreSQL",93278,4.7,74,Freemium
APP-030,FocusGrid,Pomodoro dashboard with team leaderboard integrations.,A comprehensive solution built to empower users seeking top-tier productivity tools. Pomodoro dashboard with team leaderboard integrations.,CAT-002,FND-030,2026-07-22,"Next.js, FastAPI, PostgreSQL",67891,4.3,91,Subscription
APP-031,StudyPal,AI study networks for student growth.,AI-powered study networks matching students based on course syllabus. StudyPal handles scheduling and group work.,CAT-005,FND-031,2026-07-20,"Next.js, FastAPI, PostgreSQL",480,4.8,85,Freemium
APP-032,ResumePilot,AI tailored resume editor and interviewer.,Tailored resume generator and mock interview trainer for students seeking job placement.,CAT-012,FND-032,2026-07-22,"Flutter, Firebase",4421,4.7,82,Subscription
APP-033,FocusFlow,Pomodoro timers with social focus circles.,Student-centric deep work sessions featuring team leaderboards and social sync points.,CAT-002,FND-033,2026-07-18,"SvelteKit, Go, Redis",2150,4.9,91,Subscription
APP-034,NoteMind,Bi-directional markdown study database.,Rich Markdown notebook compiling class notes into custom bi-directional semantic mind maps.,CAT-002,FND-034,2026-07-15,"Next.js, Django, PostgreSQL",9500,4.6,88,Freemium
APP-035,Budgetly,AI-driven micro budget planner.,Interactive financial budget analyzer helping freelance builders optimize expenses.,CAT-003,FND-035,2026-07-10,"React Native, Node.js",12050,4.5,76,Usage-Based
APP-036,HealthTrack,Habit tracking with wearable diagnostics.,Personalized diagnostic sync analyzing sleep cycles and daily training routines.,CAT-004,FND-036,2026-07-25,"Vue.js, Django",3400,4.4,70,One-Time Purchase
