screenshot_id,app_id,image_url,caption
SCR-001,APP-001,https://cdn.launchmesh.io/apps/app-001/dashboard_view.png,Screenshot showing the Dashboard View interface layout.
SCR-002,APP-001,https://cdn.launchmesh.io/apps/app-001/analytics_view.png,Screenshot showing the Analytics View interface layout.
SCR-003,APP-001,https://cdn.launchmesh.io/apps/app-001/settings_config.png,Screenshot showing the Settings Config interface layout.
SCR-004,APP-001,https://cdn.launchmesh.io/apps/app-001/user_profile_panel.png,Screenshot showing the User Profile Panel interface layout.
SCR-005,APP-002,https://cdn.launchmesh.io/apps/app-002/dashboard_view.png,Screenshot showing the Dashboard View interface layout.
SCR-006,APP-002,https://cdn.launchmesh.io/apps/app-002/analytics_view.png,Screenshot showing the Analytics View interface layout.
SCR-007,APP-002,https://cdn.launchmesh.io/apps/app-002/settings_config.png,Screenshot showing the Settings Config interface layout.
SCR-008,APP-002,https://cdn.launchmesh.io/apps/app-002/user_profile_panel.png,Screenshot showing the User Profile Panel interface layout.
SCR-009,APP-003,https://cdn.launchmesh.io/apps/app-003/dashboard_view.png,Screenshot showing the Dashboard View interface layout.
SCR-010,APP-003,https://cdn.launchmesh.io/apps/app-003/analytics_view.png,Screenshot showing the Analytics View interface layout.
SCR-011,APP-003,https://cdn.launchmesh.io/apps/app-003/settings_config.png,Screenshot showing the Settings Config interface layout.
SCR-012,APP-003,https://cdn.launchmesh.io/apps/app-003/user_profile_panel.png,Screenshot showing the User Profile Panel interface layout.
SCR-013,APP-004,https://cdn.launchmesh.io/apps/app-004/dashboard_view.png,Screenshot showing the Dashboard View interface layout.
SCR-014,APP-004,https://cdn.launchmesh.io/apps/app-004/analytics_view.png,Screenshot showing the Analytics View interface layout.
SCR-015,APP-004,https://cdn.launchmesh.io/apps/app-004/settings_config.png,Screenshot showing the Settings Config interface layout.
SCR-016,APP-004,https://cdn.launchmesh.io/apps/app-004/user_profile_panel.png,Screenshot showing the User Profile Panel interface layout.
SCR-017,APP-005,https://cdn.launchmesh.io/apps/app-005/dashboard_view.png,Screenshot showing the Dashboard View interface layout.
SCR-018,APP-005,https://cdn.launchmesh.io/apps/app-005/analytics_view.png,Screenshot showing the Analytics View interface layout.
SCR-019,APP-005,https://cdn.launchmesh.io/apps/app-005/settings_config.png,Screenshot showing the Settings Config interface layout.
SCR-020,APP-005,https://cdn.launchmesh.io/apps/app-005/user_profile_panel.png,Screenshot showing the User Profile Panel interface layout.
SCR-021,APP-006,https://cdn.launchmesh.io/apps/app-006/dashboard_view.png,Screenshot showing the Dashboard View interface layout.
SCR-022,APP-006,https://cdn.launchmesh.io/apps/app-006/analytics_view.png,Screenshot showing the Analytics View interface layout.
SCR-023,APP-006,https://cdn.launchmesh.io/apps/app-006/settings_config.png,Screenshot showing the Settings Config interface layout.
SCR-024,APP-006,https://cdn.launchmesh.io/apps/app-006/user_profile_panel.png,Screenshot showing the User Profile Panel interface layout.
SCR-025,APP-007,https://cdn.launchmesh.io/apps/app-007/dashboard_view.png,Screenshot showing the Dashboard View interface layout.
SCR-026,APP-007,https://cdn.launchmesh.io/apps/app-007/analytics_view.png,Screenshot showing the Analytics View interface layout.
SCR-027,APP-007,https://cdn.launchmesh.io/apps/app-007/settings_config.png,Screenshot showing the Settings Config interface layout.
SCR-028,APP-007,https://cdn.launchmesh.io/apps/app-007/user_profile_panel.png,Screenshot showing the User Profile Panel interface layout.
SCR-029,APP-008,https://cdn.launchmesh.io/apps/app-008/dashboard_view.png,Screenshot showing the Dashboard View interface layout.
SCR-030,APP-008,https://cdn.launchmesh.io/apps/app-008/analytics_view.png,Screenshot showing the Analytics View interface layout.
SCR-031,APP-008,https://cdn.launchmesh.io/apps/app-008/settings_config.png,Screenshot showing the Settings Config interface layout.
SCR-032,APP-008,https://cdn.launchmesh.io/apps/app-008/user_profile_panel.png,Screenshot showing the User Profile Panel interface layout.
SCR-033,APP-009,https://cdn.launchmesh.io/apps/app-009/dashboard_view.png,Screenshot showing the Dashboard View interface layout.
SCR-034,APP-009,https://cdn.launchmesh.io/apps/app-009/analytics_view.png,Screenshot showing the Analytics View interface layout.
SCR-035,APP-009,https://cdn.launchmesh.io/apps/app-009/settings_config.png,Screenshot showing the Settings Config interface layout.
SCR-036,APP-009,https://cdn.launchmesh.io/apps/app-009/user_profile_panel.png,Screenshot showing the User Profile Panel interface layout.
SCR-037,APP-010,https://cdn.launchmesh.io/apps/app-010/dashboard_view.png,Screenshot showing the Dashboard View interface layout.
SCR-038,APP-010,https://cdn.launchmesh.io/apps/app-010/analytics_view.png,Screenshot showing the Analytics View interface layout.
SCR-039,APP-010,https://cdn.launchmesh.io/apps/app-010/settings_config.png,Screenshot showing the Settings Config interface layout.
SCR-040,APP-010,https://cdn.launchmesh.io/apps/app-010/user_profile_panel.png,Screenshot showing the User Profile Panel interface layout.
SCR-041,APP-011,https://cdn.launchmesh.io/apps/app-011/dashboard_view.png,Screenshot showing the Dashboard View interface layout.
SCR-042,APP-011,https://cdn.launchmesh.io/apps/app-011/analytics_view.png,Screenshot showing the Analytics View interface layout.
SCR-043,APP-011,https://cdn.launchmesh.io/apps/app-011/settings_config.png,Screenshot showing the Settings Config interface layout.
SCR-044,APP-011,https://cdn.launchmesh.io/apps/app-011/user_profile_panel.png,Screenshot showing the User Profile Panel interface layout.
SCR-045,APP-012,https://cdn.launchmesh.io/apps/app-012/dashboard_view.png,Screenshot showing the Dashboard View interface layout.
SCR-046,APP-012,https://cdn.launchmesh.io/apps/app-012/analytics_view.png,Screenshot showing the Analytics View interface layout.
SCR-047,APP-012,https://cdn.launchmesh.io/apps/app-012/settings_config.png,Screenshot showing the Settings Config interface layout.
SCR-048,APP-012,https://cdn.launchmesh.io/apps/app-012/user_profile_panel.png,Screenshot showing the User Profile Panel interface layout.
SCR-049,APP-013,https://cdn.launchmesh.io/apps/app-013/dashboard_view.png,Screenshot showing the Dashboard View interface layout.
SCR-050,APP-013,https://cdn.launchmesh.io/apps/app-013/analytics_view.png,Screenshot showing the Analytics View interface layout.
SCR-051,APP-013,https://cdn.launchmesh.io/apps/app-013/settings_config.png,Screenshot showing the Settings Config interface layout.
SCR-052,APP-013,https://cdn.launchmesh.io/apps/app-013/user_profile_panel.png,Screenshot showing the User Profile Panel interface layout.
SCR-053,APP-014,https://cdn.launchmesh.io/apps/app-014/dashboard_view.png,Screenshot showing the Dashboard View interface layout.
SCR-054,APP-014,https://cdn.launchmesh.io/apps/app-014/analytics_view.png,Screenshot showing the Analytics View interface layout.
SCR-055,APP-014,https://cdn.launchmesh.io/apps/app-014/settings_config.png,Screenshot showing the Settings Config interface layout.
SCR-056,APP-014,https://cdn.launchmesh.io/apps/app-014/user_profile_panel.png,Screenshot showing the User Profile Panel interface layout.
SCR-057,APP-015,https://cdn.launchmesh.io/apps/app-015/dashboard_view.png,Screenshot showing the Dashboard View interface layout.
SCR-058,APP-015,https://cdn.launchmesh.io/apps/app-015/analytics_view.png,Screenshot showing the Analytics View interface layout.
SCR-059,APP-015,https://cdn.launchmesh.io/apps/app-015/settings_config.png,Screenshot showing the Settings Config interface layout.
SCR-060,APP-015,https://cdn.launchmesh.io/apps/app-015/user_profile_panel.png,Screenshot showing the User Profile Panel interface layout.
SCR-061,APP-016,https://cdn.launchmesh.io/apps/app-016/dashboard_view.png,Screenshot showing the Dashboard View interface layout.
SCR-062,APP-016,https://cdn.launchmesh.io/apps/app-016/analytics_view.png,Screenshot showing the Analytics View interface layout.
SCR-063,APP-016,https://cdn.launchmesh.io/apps/app-016/settings_config.png,Screenshot showing the Settings Config interface layout.
SCR-064,APP-016,https://cdn.launchmesh.io/apps/app-016/user_profile_panel.png,Screenshot showing the User Profile Panel interface layout.
SCR-065,APP-017,https://cdn.launchmesh.io/apps/app-017/dashboard_view.png,Screenshot showing the Dashboard View interface layout.
SCR-066,APP-017,https://cdn.launchmesh.io/apps/app-017/analytics_view.png,Screenshot showing the Analytics View interface layout.
SCR-067,APP-017,https://cdn.launchmesh.io/apps/app-017/settings_config.png,Screenshot showing the Settings Config interface layout.
SCR-068,APP-017,https://cdn.launchmesh.io/apps/app-017/user_profile_panel.png,Screenshot showing the User Profile Panel interface layout.
SCR-069,APP-018,https://cdn.launchmesh.io/apps/app-018/dashboard_view.png,Screenshot showing the Dashboard View interface layout.
SCR-070,APP-018,https://cdn.launchmesh.io/apps/app-018/analytics_view.png,Screenshot showing the Analytics View interface layout.
SCR-071,APP-018,https://cdn.launchmesh.io/apps/app-018/settings_config.png,Screenshot showing the Settings Config interface layout.
SCR-072,APP-018,https://cdn.launchmesh.io/apps/app-018/user_profile_panel.png,Screenshot showing the User Profile Panel interface layout.
SCR-073,APP-019,https://cdn.launchmesh.io/apps/app-019/dashboard_view.png,Screenshot showing the Dashboard View interface layout.
SCR-074,APP-019,https://cdn.launchmesh.io/apps/app-019/analytics_view.png,Screenshot showing the Analytics View interface layout.
SCR-075,APP-019,https://cdn.launchmesh.io/apps/app-019/settings_config.png,Screenshot showing the Settings Config interface layout.
SCR-076,APP-019,https://cdn.launchmesh.io/apps/app-019/user_profile_panel.png,Screenshot showing the User Profile Panel interface layout.
SCR-077,APP-020,https://cdn.launchmesh.io/apps/app-020/dashboard_view.png,Screenshot showing the Dashboard View interface layout.
SCR-078,APP-020,https://cdn.launchmesh.io/apps/app-020/analytics_view.png,Screenshot showing the Analytics View interface layout.
SCR-079,APP-020,https://cdn.launchmesh.io/apps/app-020/settings_config.png,Screenshot showing the Settings Config interface layout.
SCR-080,APP-020,https://cdn.launchmesh.io/apps/app-020/user_profile_panel.png,Screenshot showing the User Profile Panel interface layout.
SCR-081,APP-021,https://cdn.launchmesh.io/apps/app-021/dashboard_view.png,Screenshot showing the Dashboard View interface layout.
SCR-082,APP-021,https://cdn.launchmesh.io/apps/app-021/analytics_view.png,Screenshot showing the Analytics View interface layout.
SCR-083,APP-021,https://cdn.launchmesh.io/apps/app-021/settings_config.png,Screenshot showing the Settings Config interface layout.
SCR-084,APP-021,https://cdn.launchmesh.io/apps/app-021/user_profile_panel.png,Screenshot showing the User Profile Panel interface layout.
SCR-085,APP-022,https://cdn.launchmesh.io/apps/app-022/dashboard_view.png,Screenshot showing the Dashboard View interface layout.
SCR-086,APP-022,https://cdn.launchmesh.io/apps/app-022/analytics_view.png,Screenshot showing the Analytics View interface layout.
SCR-087,APP-022,https://cdn.launchmesh.io/apps/app-022/settings_config.png,Screenshot showing the Settings Config interface layout.
SCR-088,APP-022,https://cdn.launchmesh.io/apps/app-022/user_profile_panel.png,Screenshot showing the User Profile Panel interface layout.
SCR-089,APP-023,https://cdn.launchmesh.io/apps/app-023/dashboard_view.png,Screenshot showing the Dashboard View interface layout.
SCR-090,APP-023,https://cdn.launchmesh.io/apps/app-023/analytics_view.png,Screenshot showing the Analytics View interface layout.
SCR-091,APP-023,https://cdn.launchmesh.io/apps/app-023/settings_config.png,Screenshot showing the Settings Config interface layout.
SCR-092,APP-023,https://cdn.launchmesh.io/apps/app-023/user_profile_panel.png,Screenshot showing the User Profile Panel interface layout.
SCR-093,APP-024,https://cdn.launchmesh.io/apps/app-024/dashboard_view.png,Screenshot showing the Dashboard View interface layout.
SCR-094,APP-024,https://cdn.launchmesh.io/apps/app-024/analytics_view.png,Screenshot showing the Analytics View interface layout.
SCR-095,APP-024,https://cdn.launchmesh.io/apps/app-024/settings_config.png,Screenshot showing the Settings Config interface layout.
SCR-096,APP-024,https://cdn.launchmesh.io/apps/app-024/user_profile_panel.png,Screenshot showing the User Profile Panel interface layout.
SCR-097,APP-025,https://cdn.launchmesh.io/apps/app-025/dashboard_view.png,Screenshot showing the Dashboard View interface layout.
SCR-098,APP-025,https://cdn.launchmesh.io/apps/app-025/analytics_view.png,Screenshot showing the Analytics View interface layout.
SCR-099,APP-025,https://cdn.launchmesh.io/apps/app-025/settings_config.png,Screenshot showing the Settings Config interface layout.
SCR-100,APP-025,https://cdn.launchmesh.io/apps/app-025/user_profile_panel.png,Screenshot showing the User Profile Panel interface layout.
SCR-101,APP-026,https://cdn.launchmesh.io/apps/app-026/dashboard_view.png,Screenshot showing the Dashboard View interface layout.
SCR-102,APP-026,https://cdn.launchmesh.io/apps/app-026/analytics_view.png,Screenshot showing the Analytics View interface layout.
SCR-103,APP-026,https://cdn.launchmesh.io/apps/app-026/settings_config.png,Screenshot showing the Settings Config interface layout.
SCR-104,APP-026,https://cdn.launchmesh.io/apps/app-026/user_profile_panel.png,Screenshot showing the User Profile Panel interface layout.
SCR-105,APP-027,https://cdn.launchmesh.io/apps/app-027/dashboard_view.png,Screenshot showing the Dashboard View interface layout.
SCR-106,APP-027,https://cdn.launchmesh.io/apps/app-027/analytics_view.png,Screenshot showing the Analytics View interface layout.
SCR-107,APP-027,https://cdn.launchmesh.io/apps/app-027/settings_config.png,Screenshot showing the Settings Config interface layout.
SCR-108,APP-027,https://cdn.launchmesh.io/apps/app-027/user_profile_panel.png,Screenshot showing the User Profile Panel interface layout.
SCR-109,APP-028,https://cdn.launchmesh.io/apps/app-028/dashboard_view.png,Screenshot showing the Dashboard View interface layout.
SCR-110,APP-028,https://cdn.launchmesh.io/apps/app-028/analytics_view.png,Screenshot showing the Analytics View interface layout.
SCR-111,APP-028,https://cdn.launchmesh.io/apps/app-028/settings_config.png,Screenshot showing the Settings Config interface layout.
SCR-112,APP-028,https://cdn.launchmesh.io/apps/app-028/user_profile_panel.png,Screenshot showing the User Profile Panel interface layout.
SCR-113,APP-029,https://cdn.launchmesh.io/apps/app-029/dashboard_view.png,Screenshot showing the Dashboard View interface layout.
SCR-114,APP-029,https://cdn.launchmesh.io/apps/app-029/analytics_view.png,Screenshot showing the Analytics View interface layout.
SCR-115,APP-029,https://cdn.launchmesh.io/apps/app-029/settings_config.png,Screenshot showing the Settings Config interface layout.
SCR-116,APP-029,https://cdn.launchmesh.io/apps/app-029/user_profile_panel.png,Screenshot showing the User Profile Panel interface layout.
SCR-117,APP-030,https://cdn.launchmesh.io/apps/app-030/dashboard_view.png,Screenshot showing the Dashboard View interface layout.
SCR-121,APP-031,https://cdn.launchmesh.io/apps/app-031/dashboard_view.png,Screenshot of StudyPal dashboard interface.
SCR-122,APP-032,https://cdn.launchmesh.io/apps/app-032/dashboard_view.png,Screenshot of ResumePilot editor interface.
SCR-123,APP-033,https://cdn.launchmesh.io/apps/app-033/dashboard_view.png,Screenshot of FocusFlow dashboard interface.
SCR-124,APP-034,https://cdn.launchmesh.io/apps/app-034/dashboard_view.png,Screenshot of NoteMind editor interface.
SCR-125,APP-035,https://cdn.launchmesh.io/apps/app-035/dashboard_view.png,Screenshot of Budgetly interface.
SCR-126,APP-036,https://cdn.launchmesh.io/apps/app-036/dashboard_view.png,Screenshot of HealthTrack interface.
SCR-118,APP-030,https://cdn.launchmesh.io/apps/app-030/analytics_view.png,Screenshot showing the Analytics View interface layout.
SCR-119,APP-030,https://cdn.launchmesh.io/apps/app-030/settings_config.png,Screenshot showing the Settings Config interface layout.
SCR-120,APP-030,https://cdn.launchmesh.io/apps/app-030/user_profile_panel.png,Screenshot showing the User Profile Panel interface layout.
