activity_id,user_id,activity_type,description,timestamp
ACT-001,USR-037,Review,User Emily Clark left a 5-star review on TaxBuddy.,2026-08-12 17:24:00
ACT-002,USR-007,Bookmark,User Benjamin Davis shared a launch timeline update for ResumeRise.,2026-07-08 22:27:00
ACT-003,USR-037,Community Join,User Emily Clark bookmarked the application profile of QuestBound.,2026-08-19 23:49:00
ACT-004,USR-040,Bookmark,User Scarlett Moore upvoted the application StayLocal.,2026-08-08 20:54:00
ACT-005,USR-018,Review,User Alexander Miller shared a launch timeline update for PromptCraft.,2026-08-14 22:29:00
ACT-006,USR-022,Upvote,User Elijah Taylor left a 5-star review on ResumeRise.,2026-08-25 12:46:00
ACT-007,USR-043,Upvote,User Ava Thomas left a 5-star review on VibeCheck.,2026-08-17 20:11:00
ACT-008,USR-006,Bookmark,User Elijah Gonzalez left a 5-star review on CryptGuard.,2026-07-25 16:39:00
ACT-009,USR-022,Timeline Update,User Elijah Taylor shared a launch timeline update for ApiShield.,2026-08-16 15:59:00
ACT-010,USR-037,Upvote,User Emily Clark upvoted the application ColorWave.,2026-07-10 12:58:00
ACT-011,USR-040,Upvote,User Scarlett Moore shared a launch timeline update for TaskFlow.,2026-07-29 20:37:00
ACT-012,USR-032,Community Join,User William Moore joined the community group for ColorWave.,2026-07-18 13:58:00
ACT-013,USR-033,Timeline Update,User Henry Robinson joined the community group for CalmPulse.,2026-07-08 14:53:00
ACT-014,USR-044,Community Join,User James Lee bookmarked the application profile of LogBuddy.,2026-08-12 14:12:00
ACT-015,USR-015,Bookmark,User Mason Gonzalez upvoted the application VibeCheck.,2026-07-01 13:29:00
ACT-016,USR-014,Review,User Daniel Ramirez shared a launch timeline update for JobSync.,2026-07-19 15:17:00
ACT-017,USR-001,Community Join,User Isabella Jones left a 5-star review on SynapseNote.,2026-07-09 16:44:00
ACT-018,USR-046,Bookmark,User Abigail Rodriguez bookmarked the application profile of QuestBound.,2026-08-23 20:32:00
ACT-019,USR-005,Upvote,User Ella Johnson joined the community group for VibeCheck.,2026-07-02 17:14:00
ACT-020,USR-021,Community Join,User Mia Thomas bookmarked the application profile of LogBuddy.,2026-07-26 21:50:00
ACT-021,USR-027,Upvote,User Jackson Miller joined the community group for CartDrop.,2026-07-02 15:20:00
ACT-022,USR-040,Timeline Update,User Scarlett Moore upvoted the application BiteTrack.,2026-07-28 23:16:00
ACT-023,USR-016,Bookmark,User Jackson Robinson joined the community group for BeatWeave.,2026-08-03 11:35:00
ACT-024,USR-020,Timeline Update,User Scarlett Hernandez left a 5-star review on CryptGuard.,2026-07-22 22:20:00
ACT-025,USR-005,Upvote,User Ella Johnson bookmarked the application profile of TaxBuddy.,2026-08-02 13:59:00
ACT-026,USR-023,Review,User William Martin left a 5-star review on ResumeRise.,2026-07-07 12:26:00
ACT-027,USR-013,Bookmark,User Mason Wilson left a 5-star review on ApiShield.,2026-08-18 22:51:00
ACT-028,USR-005,Community Join,User Ella Johnson joined the community group for ApiShield.,2026-08-18 19:58:00
ACT-029,USR-038,Bookmark,User Emily Brown bookmarked the application profile of BiteTrack.,2026-07-21 23:50:00
ACT-030,USR-021,Community Join,User Mia Thomas upvoted the application CodeSpark.,2026-07-31 17:50:00
ACT-031,USR-020,Timeline Update,User Scarlett Hernandez bookmarked the application profile of PingMe.,2026-07-04 15:42:00
ACT-032,USR-005,Community Join,User Ella Johnson joined the community group for CartDrop.,2026-07-03 10:33:00
ACT-033,USR-019,Upvote,User Elijah Jackson bookmarked the application profile of LedgerLy.,2026-08-08 18:34:00
ACT-034,USR-030,Bookmark,User Jack Robinson upvoted the application LogBuddy.,2026-07-29 22:46:00
ACT-035,USR-042,Timeline Update,User Daniel Perez bookmarked the application profile of MockupMagic.,2026-07-31 18:19:00
ACT-036,USR-004,Upvote,User Theodore Wilson shared a launch timeline update for BiteTrack.,2026-08-15 11:42:00
ACT-037,USR-042,Upvote,User Daniel Perez left a 5-star review on ApiShield.,2026-08-15 17:38:00
ACT-038,USR-034,Bookmark,User Logan Lopez left a 5-star review on TaxBuddy.,2026-07-24 15:28:00
ACT-039,USR-025,Timeline Update,User Mia Martin bookmarked the application profile of BeatWeave.,2026-07-04 22:50:00
ACT-040,USR-042,Upvote,User Daniel Perez shared a launch timeline update for AuthLock.,2026-07-07 18:53:00
ACT-041,USR-025,Timeline Update,User Mia Martin bookmarked the application profile of CartDrop.,2026-08-25 12:31:00
ACT-042,USR-006,Review,User Elijah Gonzalez shared a launch timeline update for LogBuddy.,2026-07-20 20:54:00
ACT-043,USR-043,Review,User Ava Thomas bookmarked the application profile of VibeCheck.,2026-08-15 11:29:00
ACT-044,USR-036,Timeline Update,User Evelyn Sanchez left a 5-star review on VibeCheck.,2026-08-12 21:57:00
ACT-045,USR-044,Bookmark,User James Lee upvoted the application FocusGrid.,2026-08-11 20:37:00
ACT-046,USR-033,Upvote,User Henry Robinson shared a launch timeline update for ResumeRise.,2026-07-20 12:23:00
ACT-047,USR-022,Community Join,User Elijah Taylor left a 5-star review on JobSync.,2026-07-15 12:19:00
ACT-048,USR-005,Upvote,User Ella Johnson bookmarked the application profile of CartDrop.,2026-08-19 18:57:00
ACT-049,USR-034,Timeline Update,User Logan Lopez bookmarked the application profile of TaskFlow.,2026-07-09 19:34:00
ACT-050,USR-010,Review,User William Anderson bookmarked the application profile of ApiShield.,2026-08-21 12:56:00
ACT-051,USR-029,Community Join,User Emily Lee shared a launch timeline update for TaskFlow.,2026-08-13 21:25:00
ACT-052,USR-029,Timeline Update,User Emily Lee joined the community group for ColorWave.,2026-07-15 18:25:00
ACT-053,USR-020,Community Join,User Scarlett Hernandez left a 5-star review on PingMe.,2026-07-24 20:46:00
ACT-054,USR-029,Timeline Update,User Emily Lee joined the community group for BiteTrack.,2026-08-02 18:36:00
ACT-055,USR-011,Review,User Elijah Lee bookmarked the application profile of LyricLab.,2026-07-09 23:26:00
ACT-056,USR-004,Community Join,User Theodore Wilson shared a launch timeline update for PixelForge.,2026-08-05 11:55:00
ACT-057,USR-034,Upvote,User Logan Lopez shared a launch timeline update for ChefBot.,2026-07-06 22:20:00
ACT-058,USR-018,Bookmark,User Alexander Miller left a 5-star review on BiteTrack.,2026-08-23 16:15:00
ACT-059,USR-015,Community Join,User Mason Gonzalez shared a launch timeline update for LyricLab.,2026-08-29 10:36:00
ACT-060,USR-004,Bookmark,User Theodore Wilson shared a launch timeline update for VibeCheck.,2026-07-16 16:15:00
ACT-061,USR-024,Upvote,User Joseph Brown shared a launch timeline update for QuestBound.,2026-08-29 11:55:00
ACT-062,USR-042,Review,User Daniel Perez left a 5-star review on AuthLock.,2026-07-03 14:40:00
ACT-063,USR-045,Review,User Oliver Smith joined the community group for LyricLab.,2026-07-29 19:10:00
ACT-064,USR-006,Timeline Update,User Elijah Gonzalez left a 5-star review on PromptCraft.,2026-08-23 12:45:00
ACT-065,USR-047,Bookmark,User Charlotte Thompson joined the community group for ColorWave.,2026-07-08 22:28:00
ACT-066,USR-016,Upvote,User Jackson Robinson upvoted the application CartDrop.,2026-07-16 16:50:00
ACT-067,USR-040,Upvote,User Scarlett Moore upvoted the application BiteTrack.,2026-08-23 17:48:00
ACT-068,USR-035,Bookmark,User Wyatt Clark bookmarked the application profile of PromptCraft.,2026-07-16 21:19:00
ACT-069,USR-019,Upvote,User Elijah Jackson bookmarked the application profile of BeatWeave.,2026-07-23 13:46:00
ACT-070,USR-027,Upvote,User Jackson Miller bookmarked the application profile of ApiShield.,2026-07-24 11:43:00
ACT-071,USR-035,Bookmark,User Wyatt Clark bookmarked the application profile of TaxBuddy.,2026-07-02 16:40:00
ACT-072,USR-003,Community Join,User Ethan Brown shared a launch timeline update for PixelForge.,2026-07-17 21:11:00
ACT-073,USR-023,Upvote,User William Martin shared a launch timeline update for PingMe.,2026-07-16 21:52:00
ACT-074,USR-041,Bookmark,User Sebastian Martin shared a launch timeline update for CalmPulse.,2026-07-09 10:32:00
ACT-075,USR-035,Review,User Wyatt Clark joined the community group for AuthLock.,2026-08-14 17:50:00
ACT-076,USR-012,Review,User James Robinson upvoted the application PingMe.,2026-08-15 22:39:00
ACT-077,USR-003,Review,User Ethan Brown upvoted the application CartDrop.,2026-08-20 13:12:00
ACT-078,USR-021,Timeline Update,User Mia Thomas bookmarked the application profile of FocusGrid.,2026-07-26 23:44:00
ACT-079,USR-031,Upvote,User Liam Anderson left a 5-star review on RoamWise.,2026-07-19 15:59:00
ACT-080,USR-004,Timeline Update,User Theodore Wilson shared a launch timeline update for ChefBot.,2026-07-08 22:33:00
ACT-081,USR-028,Community Join,User Logan Rodriguez joined the community group for InsightAI.,2026-08-27 16:31:00
ACT-082,USR-012,Community Join,User James Robinson shared a launch timeline update for SynapseNote.,2026-08-29 22:43:00
ACT-083,USR-018,Upvote,User Alexander Miller joined the community group for PingMe.,2026-07-06 16:48:00
ACT-084,USR-012,Timeline Update,User James Robinson shared a launch timeline update for SleepSage.,2026-07-07 11:30:00
ACT-085,USR-043,Timeline Update,User Ava Thomas joined the community group for CartDrop.,2026-08-08 21:37:00
ACT-086,USR-011,Community Join,User Elijah Lee shared a launch timeline update for DealRadar.,2026-07-29 10:56:00
ACT-087,USR-023,Community Join,User William Martin shared a launch timeline update for ColorWave.,2026-08-10 22:13:00
ACT-088,USR-005,Community Join,User Ella Johnson shared a launch timeline update for StayLocal.,2026-08-02 22:57:00
ACT-089,USR-044,Upvote,User James Lee left a 5-star review on ApiShield.,2026-08-24 19:53:00
ACT-090,USR-029,Review,User Emily Lee upvoted the application TaskFlow.,2026-07-16 22:51:00
ACT-091,USR-024,Community Join,User Joseph Brown bookmarked the application profile of ResumeRise.,2026-07-03 19:19:00
ACT-092,USR-044,Timeline Update,User James Lee shared a launch timeline update for BiteTrack.,2026-07-29 22:14:00
ACT-093,USR-037,Bookmark,User Emily Clark shared a launch timeline update for CodeSpark.,2026-07-26 15:51:00
ACT-094,USR-018,Upvote,User Alexander Miller upvoted the application QuestBound.,2026-08-17 12:41:00
ACT-095,USR-034,Bookmark,User Logan Lopez upvoted the application VibeCheck.,2026-07-17 22:26:00
ACT-096,USR-046,Review,User Abigail Rodriguez bookmarked the application profile of BiteTrack.,2026-07-19 21:41:00
ACT-097,USR-013,Review,User Mason Wilson upvoted the application CalmPulse.,2026-07-29 12:55:00
ACT-098,USR-029,Timeline Update,User Emily Lee shared a launch timeline update for LedgerLy.,2026-08-15 11:45:00
ACT-099,USR-035,Timeline Update,User Wyatt Clark left a 5-star review on CartDrop.,2026-08-15 21:54:00
ACT-100,USR-041,Timeline Update,User Sebastian Martin bookmarked the application profile of ApiShield.,2026-07-15 11:22:00
ACT-101,USR-009,Community Join,User Michael Rodriguez upvoted the application QuestBound.,2026-07-24 18:46:00
ACT-102,USR-024,Bookmark,User Joseph Brown left a 5-star review on BiteTrack.,2026-08-09 11:14:00
ACT-103,USR-020,Community Join,User Scarlett Hernandez bookmarked the application profile of VibeCheck.,2026-07-27 22:36:00
ACT-104,USR-037,Review,User Emily Clark shared a launch timeline update for LedgerLy.,2026-08-11 11:38:00
ACT-105,USR-030,Bookmark,User Jack Robinson shared a launch timeline update for StayLocal.,2026-07-09 23:59:00
ACT-106,USR-036,Bookmark,User Evelyn Sanchez left a 5-star review on PixelForge.,2026-08-19 12:37:00
ACT-107,USR-033,Upvote,User Henry Robinson upvoted the application FocusGrid.,2026-08-03 12:29:00
ACT-108,USR-011,Timeline Update,User Elijah Lee left a 5-star review on ApiShield.,2026-07-23 18:28:00
ACT-109,USR-006,Review,User Elijah Gonzalez bookmarked the application profile of RoamWise.,2026-07-18 12:50:00
ACT-110,USR-020,Bookmark,User Scarlett Hernandez upvoted the application ColorWave.,2026-08-02 20:20:00
ACT-111,USR-038,Review,User Emily Brown left a 5-star review on LogBuddy.,2026-08-12 19:56:00
ACT-112,USR-039,Bookmark,User Jackson Brown upvoted the application AuthLock.,2026-08-22 23:11:00
ACT-113,USR-006,Bookmark,User Elijah Gonzalez shared a launch timeline update for TaskFlow.,2026-08-11 13:59:00
ACT-114,USR-037,Bookmark,User Emily Clark upvoted the application BeatWeave.,2026-08-01 20:44:00
ACT-115,USR-019,Timeline Update,User Elijah Jackson joined the community group for PixelForge.,2026-07-16 22:53:00
ACT-116,USR-026,Community Join,User John Perez upvoted the application CartDrop.,2026-08-14 10:20:00
ACT-117,USR-029,Community Join,User Emily Lee joined the community group for BeatWeave.,2026-07-14 15:48:00
ACT-118,USR-010,Timeline Update,User William Anderson shared a launch timeline update for AuthLock.,2026-07-26 12:58:00
ACT-119,USR-024,Bookmark,User Joseph Brown upvoted the application TaxBuddy.,2026-07-21 13:39:00
ACT-120,USR-008,Community Join,User Isabella Anderson left a 5-star review on RoamWise.,2026-07-10 11:13:00
ACT-121,USR-019,Bookmark,User Elijah Jackson joined the community group for VibeCheck.,2026-07-16 23:20:00
ACT-122,USR-021,Bookmark,User Mia Thomas shared a launch timeline update for FocusGrid.,2026-07-13 22:20:00
ACT-123,USR-032,Community Join,User William Moore joined the community group for TaxBuddy.,2026-08-26 14:41:00
ACT-124,USR-002,Community Join,User Logan Sanchez bookmarked the application profile of LedgerLy.,2026-07-30 13:23:00
ACT-125,USR-038,Upvote,User Emily Brown upvoted the application ResumeRise.,2026-07-19 17:48:00
ACT-126,USR-042,Community Join,User Daniel Perez shared a launch timeline update for StayLocal.,2026-08-04 10:16:00
ACT-127,USR-028,Timeline Update,User Logan Rodriguez shared a launch timeline update for CodeSpark.,2026-08-18 16:33:00
ACT-128,USR-003,Upvote,User Ethan Brown bookmarked the application profile of VibeCheck.,2026-08-05 13:33:00
ACT-129,USR-036,Upvote,User Evelyn Sanchez joined the community group for CartDrop.,2026-08-02 17:58:00
ACT-130,USR-036,Bookmark,User Evelyn Sanchez bookmarked the application profile of RoamWise.,2026-07-08 12:16:00
ACT-131,USR-026,Timeline Update,User John Perez bookmarked the application profile of ResumeRise.,2026-08-30 15:58:00
ACT-132,USR-010,Bookmark,User William Anderson bookmarked the application profile of MockupMagic.,2026-07-26 18:12:00
ACT-133,USR-003,Review,User Ethan Brown shared a launch timeline update for TaskFlow.,2026-08-21 17:43:00
ACT-134,USR-030,Bookmark,User Jack Robinson bookmarked the application profile of CodeSpark.,2026-07-09 15:49:00
ACT-135,USR-021,Community Join,User Mia Thomas bookmarked the application profile of ApiShield.,2026-08-17 23:29:00
ACT-136,USR-038,Bookmark,User Emily Brown bookmarked the application profile of AuthLock.,2026-08-04 17:55:00
ACT-137,USR-037,Community Join,User Emily Clark upvoted the application CartDrop.,2026-07-24 15:53:00
ACT-138,USR-008,Bookmark,User Isabella Anderson shared a launch timeline update for BeatWeave.,2026-08-20 21:54:00
ACT-139,USR-041,Bookmark,User Sebastian Martin joined the community group for PromptCraft.,2026-07-17 20:59:00
ACT-140,USR-038,Review,User Emily Brown upvoted the application LogBuddy.,2026-08-07 17:20:00
ACT-141,USR-034,Bookmark,User Logan Lopez joined the community group for PixelForge.,2026-07-10 23:53:00
ACT-142,USR-016,Bookmark,User Jackson Robinson upvoted the application TaskFlow.,2026-07-13 10:38:00
ACT-143,USR-021,Review,User Mia Thomas joined the community group for BeatWeave.,2026-08-14 13:36:00
ACT-144,USR-033,Bookmark,User Henry Robinson joined the community group for JobSync.,2026-08-25 23:57:00
ACT-145,USR-047,Review,User Charlotte Thompson bookmarked the application profile of TaskFlow.,2026-07-14 18:30:00
ACT-146,USR-043,Bookmark,User Ava Thomas joined the community group for SynapseNote.,2026-07-21 12:39:00
ACT-147,USR-035,Bookmark,User Wyatt Clark shared a launch timeline update for AuthLock.,2026-08-13 22:56:00
ACT-148,USR-044,Timeline Update,User James Lee bookmarked the application profile of PixelForge.,2026-07-31 13:25:00
ACT-149,USR-018,Timeline Update,User Alexander Miller left a 5-star review on SleepSage.,2026-08-30 14:59:00
ACT-150,USR-019,Review,User Elijah Jackson joined the community group for DealRadar.,2026-07-21 17:32:00
